ed_lvl,ex_scr,fin,is_apl
0.668187216167055,0.793649745959712,0.48679035172987295,1.0
0.4501078305176027,0.3744614055076997,0.3769618540370393,0.0
0.6896368702173787,0.5639328565801363,0.6546400789384945,1.0
0.7129588397911624,0.7479705632527125,0.30035355440808265,1.0
0.1670513463068101,0.25988660613968984,0.2122509437495007,0.0
0.401430571690183,0.40893005566388424,0.44105815913528873,0.0
0.6308998451174879,0.43155040632980823,0.5990884251020864,0.0
0.5782591854843586,0.3409505237101931,0.6858299968912682,1.0
0.7560388913002202,0.8925186709399096,0.5325105525354534,1.0
0.3997937206213354,0.678781630968126,0.48234607977507654,1.0
0.5832726464560474,0.6101722994393406,0.47885669219529786,1.0
0.5649687251854288,0.6370827768244582,0.49990014555045265,1.0
0.440160966579379,0.4680658805414388,0.5414140199757052,1.0
0.5120857066741175,0.5347662459936329,0.5172880525105307,1.0
0.11766241114080006,0.07957654362310967,0.37271804595764085,0.0
0.2626810587683683,0.25396636884696416,0.6389354926988058,0.0
0.27081161824098543,0.10658516689476821,0.36954659351514707,0.0
0.6023840165684324,0.6310347005381549,0.24524165616168037,0.0
0.2814632497608717,0.35915145100348694,0.12128986835136096,0.0
0.6483555792547456,0.5788866239951226,0.6030323576376412,1.0
0.2975476016436857,0.47861626198155177,0.5371246642975046,1.0
0.13355164457293311,0.23070301521462716,0.37737001793314645,0.0
0.37367002133854743,0.24969785690933222,0.2836097607052115,0.0
0.5118217664310908,0.3270851443910263,0.6814889919349444,1.0
0.5987623204486752,0.4586342958683971,0.5732013657858962,0.0
0.6407859880648987,0.6256689790939014,0.6568849826572865,1.0
0.1702935715886506,0.12482284851379732,0.32698503873880447,0.0
0.5280781373643229,0.44724551302072074,0.5256436956832282,0.0
0.6716682383056904,0.6129723991421046,0.5094828971012337,1.0
0.07226522677019911,0.2392193146709675,0.1356621805586361,0.0
0.5243242619884939,0.6008767170609142,0.5786679436906144,1.0
0.2879023032419802,0.37738730903140316,0.3855546476463781,0.0
0.32158621309835056,0.3053987359055771,0.5531759688606616,1.0
0.8820953762658889,0.9998008157666183,0.5955182603106925,1.0
0.3499445796588881,0.4079358552596871,0.42751627425296435,0.0
0.22176369814347363,0.2538165647302046,0.5481086340358259,0.0
0.4962596362550292,0.4575130499208436,0.3880842915922042,0.0
0.7319088708365076,0.7152501531101791,0.528789214729094,0.0
0.48638854815975113,0.5311832290626449,0.42326872548026295,0.0
0.5186426392818405,0.40343542229272994,0.5961129771357991,0.0
0.5785850073461659,0.5704455190643258,0.6889402270680399,0.0
0.6573060449754535,0.8462565533075042,0.9262822883648608,1.0
0.45581599013380875,0.4038952738014534,0.5224368101860952,0.0
0.3318868303220369,0.33147657339064357,0.3953595570594486,0.0
0.6191177866830401,0.46493753564791507,0.2820219125518457,1.0
0.6362887875255931,0.6416438057102372,0.4362643521973732,1.0
0.3612749339600958,0.3103257358959897,0.6468741760001511,1.0
0.7408004336643936,0.6495589713069985,0.6257777000224183,0.0
0.5696834143811287,0.5967347418562273,0.4716574246543034,1.0
0.7697366773322422,0.7126951103569178,0.7499805326474938,1.0
0.30295038360493887,0.3326015340866066,0.8308964955391174,1.0
0.4041525431841355,0.3496979179588012,0.6946433164194716,0.0
0.6818510610581918,0.6639467825574727,0.6241134897187948,0.0
0.5856395349201814,0.7699042428542334,0.3696480062722216,1.0
0.47030342052317164,0.5722090174204965,0.5078213025492951,0.0
0.6540888736380359,0.7356948140738065,0.5637402752947646,1.0
0.6668923191110717,0.5460775518685194,0.5162493096138797,0.0
0.42780442798739626,0.476323166301414,0.49612522574386236,0.0
0.4366415543890925,0.39767022688784526,0.5033871871611735,1.0
0.5128392373713527,0.7586818431037701,0.5193182037155527,1.0
0.8920198473443418,0.8627555706995108,0.48737615797724826,1.0
0.632474972506177,0.6366733393826141,0.6428016684866003,0.0
0.3328528766576229,0.36922200874092725,0.5083183961026677,0.0
0.584968498527481,0.7813617979597994,0.39799180315792293,1.0
0.23077677871363877,0.1990498777084871,0.466008014226258,0.0
0.9667620026467081,1.0,0.5666566151139677,1.0
0.3050889344296031,0.37568787469770953,0.5247257445652104,1.0
0.8241484459958823,0.8534620029359868,0.49881957267377747,1.0
0.5600016905844089,0.5000058148595539,0.7068507388150129,1.0
0.6955361599866338,0.6967389574215865,0.4322425782607402,0.0
0.417769337558112,0.46311152053379856,0.5842213321459687,0.0
0.6738382420113517,0.602030220710123,0.5864458250083624,1.0
0.45134706294404436,0.333900143329896,0.43801658640905716,0.0
0.1243277515391131,0.16852820260761994,0.21304737669257195,0.0
0.5879147266861191,0.6827325938035792,0.7433095175616462,1.0
0.5774968027945785,0.5395362917443779,0.5404279865507386,0.0
0.226116521044436,0.1397118546293926,0.33869615754250243,0.0
0.6531207497819205,0.6898610478022398,0.6314044806159058,1.0
0.5108934342827568,0.7242749933938681,0.43839637532146075,1.0
0.21262482921954873,0.2639335559200382,0.3675234533867695,1.0
0.662829002866616,0.6348530374517841,0.3275272331405804,0.0
0.31020533675726536,0.30170881670424743,0.5182181216947458,0.0
0.8093580998177916,0.7928674522585741,0.4420083169446569,1.0
0.3954802716550779,0.45746564624160396,0.5444466414678074,0.0
0.9252421169485232,1.0,0.5337188226435747,1.0
0.9071086941370228,0.9224954539348786,0.7965858808734301,1.0
0.5089894222462988,0.3914375199480573,0.7246412250320662,1.0
0.4301143179189823,0.4813318954689537,0.4649254279286766,1.0
0.9249680755812146,1.0,0.8523280614882442,1.0
0.3217638876245711,0.44616004822382244,0.3017172185057428,0.0
0.5686641251085195,0.5508995015950434,0.5314993371236462,0.0
0.4947601828600146,0.4887651276365992,0.3770268897904521,0.0
0.26473447080490237,0.41288120610613577,0.4175776547862377,0.0
0.5484043796679489,0.6644064291702715,0.6647824186334637,1.0
0.48081415098637875,0.3572006565421626,0.7591715305755143,1.0
0.3821101979761566,0.1613981843873661,0.5314785096751631,0.0
0.5704976008402342,0.7467573770965944,0.5749980604619551,1.0
0.34274682250216204,0.34863555968676563,0.46879942475705855,1.0
0.37245986772979084,0.5082169738772999,0.42175841604019215,1.0
0.6322083264745466,0.5754355243044003,0.7134131648224455,1.0
0.22036053366451058,0.1740768846825066,0.7867881055230871,0.0
0.19714342164744508,0.11498353318959645,0.2897984992358364,0.0
0.47702263936637196,0.3414804390910976,0.3100782346543002,1.0
0.5329186460087678,0.595351953272508,0.4058046641790352,0.0
0.2685590847470394,0.3107386197662654,0.4119094201873139,1.0
0.47685902455304957,0.2981656812651069,0.4334060084942799,0.0
0.4673752402256041,0.5927131186202141,0.33309169092046687,0.0
0.5921295308663215,0.7176477478152685,0.43367115961179853,0.0
0.6741249668438991,0.7213087568569729,0.637984250686581,0.0
0.4606541983496693,0.39833113262539444,0.3766974982817111,0.0
0.48536168078276964,0.6019841420989483,0.5425961497877823,1.0
0.3916380481637331,0.22347188894538242,0.39200007945379933,1.0
0.6406246606052095,0.5410232216411781,0.41541694883198965,1.0
0.24883813058825885,0.3849498844709355,0.15757036399125884,0.0
0.28524400376324144,0.2410398492693911,0.6852798110186428,0.0
0.30566602257319786,0.3216689655925232,0.3928805604169159,0.0
0.6631943455086813,0.7244310862251947,0.34595949397885584,0.0
0.48969754067721133,0.51879984303528,0.4247115579070549,0.0
0.5377358092718645,0.5971247437461384,0.7527740140228907,1.0
0.7566336582975789,0.7503028014891557,0.5857121589001643,0.0
0.4378481404209047,0.35637444589114703,0.325865501166818,0.0
0.44311986668296677,0.2893223890885193,0.6147159410166911,0.0
0.5138152021014633,0.48673722060366803,0.3618197009320546,1.0
0.5395633890966757,0.7491369536933272,0.3762374678146279,1.0
0.7191680400000382,0.6011915869218297,0.7201861566629211,0.0
0.39246231586014624,0.46655731398511446,0.7395710719049735,1.0
0.14114065100302908,0.22951432868549848,0.43850602374818615,0.0
0.36843101944981116,0.35452572788226094,0.4583518717687541,0.0
0.7918304882016797,0.7238624450127342,0.6547473229643808,1.0
0.7389331987943825,0.7660870982425269,0.47921794097845405,1.0
0.6477419836612018,0.743948005916764,0.4143600339685899,1.0
0.6374482692899517,0.48004015718880666,0.5355956463640007,0.0
0.619393917628303,0.62117302101614,0.802783055430514,1.0
0.4128060831837481,0.41475646753563816,0.29633033381905854,0.0
0.5782150176813347,0.6137382476710366,0.5808345111341069,1.0
0.8271649980928986,0.7763998814958469,0.7964725519284852,0.0
0.6287931809335103,0.6489531018878086,0.488790959791006,1.0
0.27414489142654785,0.28285661908861653,0.4014409109589123,0.0
0.4418710605855558,0.379740602408311,0.4452261353986983,0.0
0.24275487780916874,0.22529659796479523,0.2889970194956554,0.0
0.27035169419798116,0.3258142753484651,0.14924109973041788,0.0
0.8735666981027957,0.8815173888523449,0.6403253596964624,1.0
0.08117980241429174,0.0,0.2599122755942219,0.0
0.6869480005640338,0.780535957347277,0.7846315388302334,1.0
0.7956918570853262,0.8244790417815401,0.5785539376540179,1.0
0.5452935934353745,0.5236834935799742,0.6443788244826963,0.0
0.30152026908316876,0.18828162630943457,0.35662188433120345,0.0
0.5018251279192809,0.5516519465661022,0.5011133266290114,1.0
0.378697076291988,0.49800334355372317,0.10822460946353019,1.0
0.5227912319395333,0.5556165198947066,0.632697868696797,1.0
0.3690049919413996,0.34081111737340397,0.49109596432334285,0.0
0.44166324350412856,0.40586539619933226,0.6279900977335796,0.0
0.6920154682086166,0.6245128298510988,0.3521143762899395,0.0
0.3101968308576925,0.2504853318136714,0.46009966717985873,0.0
0.7506825183018446,0.7743718574263018,0.5948174045986593,1.0
0.7191856688511972,0.7373078629168502,0.47235176407246354,0.0
0.36259797976465025,0.2802121440463221,0.11403226669856081,0.0
0.35531216330003856,0.30747291974819896,0.5318286194637207,0.0
0.3675431720823708,0.22294882769800134,0.676749995054483,0.0
0.5669375723071947,0.5401637913267122,0.3512591762451708,0.0
0.6148744834763773,0.570573812198143,0.6071380773810953,0.0
0.36773026051827784,0.33385174507648174,0.4606524166993161,0.0
0.5494581431433911,0.4707070826745884,0.5989927761406131,0.0
0.1503129690888427,0.03404787027965803,0.2819395601083549,0.0
0.4077849741839874,0.26669991081419264,0.7272903341209758,1.0
0.6865614020921281,0.7177264793007362,0.565028878549871,1.0
0.45729273270912846,0.4777398992048387,0.4168129454566311,0.0
0.614427364890473,0.5258238227237644,0.7730428969829635,0.0
0.4567487772005343,0.38397624743360803,0.21497334817139158,0.0
0.5259605478397993,0.6011015627695648,0.4203046048940934,1.0
0.41169982509051734,0.16837635763364323,0.46254852237516175,0.0
0.5767051465593986,0.4549936671867359,0.584123267352756,0.0
0.7900735864713117,0.718406586554413,0.30862005991274977,1.0
0.5859418322437187,0.574275572552507,0.8620407185662872,1.0
0.607794288374055,0.5375444093293511,0.5072420905127772,0.0
0.14390319593501927,0.06754290682885555,0.2946491473008812,0.0
0.49476292014911966,0.42204518044065464,0.34425919438380737,0.0
0.381429957694834,0.3902042517438562,0.35635782307269315,0.0
0.34978510145890374,0.49389241802186246,0.39092775037026056,0.0
0.10720285018092257,0.28991136751096275,0.33066956301811007,0.0
0.21379800702488042,0.21157098190903814,0.15529434990140678,0.0
0.7770522747953341,0.7143187823455192,0.5011564909918522,1.0
0.3927350322910748,0.5098241021581994,0.22942111331589016,1.0
0.33362286381179873,0.32103605869531887,0.4443496570289731,0.0
0.41785300861445274,0.37183405615697496,0.36195798517346117,0.0
0.9291423622715997,0.8745985467776235,0.7133402615358215,1.0
0.13258243065236705,0.00301589517841816,0.23155495400995685,0.0
0.5460635872802223,0.3936461289469644,0.4675487613451341,1.0
0.2797595229055324,0.5393530068562775,0.4925582144277741,0.0
0.6601102251732296,0.7233064346314225,0.6334288291909875,1.0
0.33329695191854847,0.2737821790097889,0.5812529268581839,0.0
0.7249783173423482,0.611082016486008,0.669887711017762,0.0
0.4585969730119221,0.5095514942205792,0.40555459363525903,0.0
0.4349328396413932,0.44553887031591405,0.2278682427353066,0.0
0.4422850870896946,0.4908383326884088,0.7037893983939655,1.0
0.5632792312403988,0.48452268066733295,0.4264263839744513,0.0
0.602159381375626,0.5878094320495746,0.5253530880990661,1.0
0.5433189662774144,0.5790629286065363,0.5850000940332211,0.0
0.43479543228634204,0.5499485403942295,0.4023559581626374,0.0
0.5884202908266158,0.5957033002143493,0.3657261217703873,1.0
0.39032358025597164,0.3382224132736592,0.5978190376544357,0.0
0.2999253216213355,0.37250538091754604,0.3887219680540499,0.0
0.07099449222457624,0.11404481833028568,0.12816856190359294,0.0
0.7147789070842737,0.6971781290288068,0.5471513246452095,1.0
0.5421997057214741,0.6117343129465822,0.6025603926174407,0.0
0.2026547788472841,0.1243141220984656,0.35977616455852174,0.0
0.4834944184006774,0.45633942976208414,0.24335401896512054,1.0
0.697092727539832,0.7064133478681088,0.627785636414611,1.0
0.8353160780201755,0.9162985475595439,0.4870319520454442,1.0
0.0928129269243308,0.0,0.32043294635387004,0.0
0.9280722219022519,0.8174310177801576,0.739024225253367,1.0
0.5629691074386483,0.6032798729221045,0.8270726069453158,1.0
0.5066972649353121,0.5856213607830538,0.12836503722371234,0.0
0.3001349754972696,0.4112512777722466,0.1574967280604037,0.0
0.32557522068828415,0.361576885809201,0.4634884236578666,0.0
0.603398675816745,0.5453685138351365,0.35137889044348947,0.0
0.578415599684361,0.5894157188224294,0.6420951272629826,1.0
0.5602012140129541,0.49490065923920423,0.4310677505502761,0.0
0.4297097144039925,0.520129390005276,0.4418254058126181,1.0
0.260381818779102,0.2030146487702535,0.5554927128545436,1.0
0.6638531084834653,0.8288361355669003,0.6612193158331406,1.0
0.6429732633365931,0.7605492438048287,0.6968758756629404,1.0
0.503215364551303,0.506847963868448,0.5217947749772791,0.0
0.5667624032867989,0.6009421881151826,0.5467081407415836,0.0
0.8683434405328632,0.7330576616116957,0.922795879146231,1.0
0.15937393268838868,0.05113232545851565,0.33983440622816685,0.0
0.7502901841332419,0.7467645763519194,0.6147596858038894,1.0
0.6902803192882074,0.6488282371297527,0.6464821193620807,0.0
0.5281663161400286,0.5683425623792484,0.5453377670354936,1.0
0.4551181584596877,0.5006153638792867,0.7437610809611965,0.0
0.5156207152270682,0.4645597946621239,0.6896718360280856,1.0
0.4914045599308702,0.5211906751191384,0.6365871608809602,0.0
0.18726940431847866,0.16024985341608222,0.3095668867247296,0.0
0.09290487666556496,0.07621122070870187,0.19844573290574197,0.0
0.32960899555078366,0.3875827159882032,0.21353427889485166,0.0
0.6050938111329396,0.614555753383372,0.6119814575876197,1.0
0.3919369368618525,0.395781264273246,0.16891259321320418,0.0
0.7392700211160754,0.8315844196828419,0.4874141824380614,1.0
0.4016813480838107,0.37140999195092445,0.2943951155930714,0.0
0.5074839079146516,0.4963136883981291,0.5277991198771054,1.0
0.46742289304358553,0.43857843936245977,0.5070610924396584,0.0
0.5955970585955734,0.5416107658413118,0.5634329491816865,0.0
0.3034055212320884,0.23884447185146915,0.5527049815307277,0.0
0.6087801586762736,0.5515120770962778,0.3262708707853512,1.0
0.7611716841865903,0.7830683904433255,0.08249460206975856,1.0
0.5059784490445454,0.6696019135230635,0.5534362940840054,0.0
0.460638076404434,0.5228393168351668,0.46362453479786814,0.0
0.494477497668808,0.47150945120856086,0.30117104834153496,1.0
0.6552723488143397,0.6349849364056763,0.5867482954773457,1.0
0.5433518136991111,0.6024252376157412,0.4795432287556158,0.0
0.2297549132976376,0.24645741950268513,0.5387128726943533,1.0
0.7695158400196551,0.9110329655632634,0.6018349096471338,0.0
0.7689852194238449,0.8387172713261369,0.7445963545989058,1.0
0.7331946828481806,0.7703944616221264,0.7352998836648007,1.0
0.697650435499862,0.7108983632044242,0.5548008246502822,1.0
0.3639532610617272,0.36243506818691573,0.6268608937935325,0.0
0.6898313855199149,0.7907184534561083,0.6304055120281014,1.0
0.05569974542218936,0.10395317236885504,0.24813131664753613,0.0
0.5837163760912063,0.5477487834072094,0.6022923099668651,0.0
0.24344687618731653,0.20154296417756962,0.3904037777179649,0.0
0.666052894280744,0.6161152994117876,0.7000199691300873,1.0
0.27439144398626547,0.42053668597345173,0.27300353466339405,0.0
0.40493139454732396,0.26133619992106083,0.5180129916352334,1.0
0.058653775192546886,0.23579748433148717,0.07249770293750935,1.0
0.3190549346614936,0.29714883315491614,0.43831560993175156,0.0
0.4591935825955429,0.36488459459148465,0.47724308742572236,1.0
0.5914569261280004,0.5606160840391046,0.5822236069668523,1.0
0.3957606387184379,0.33503867376149066,0.4620358551089381,0.0
0.7872086654208075,0.7784568795421306,0.6164132120376451,1.0
0.4472060403956246,0.3418183424750144,0.6651992828573703,0.0
0.5624049222564487,0.6612198610943724,0.6679024358123549,0.0
0.27619100545674014,0.2587938267492507,0.20468461497243917,1.0
0.74629022510042,0.817399990158623,0.6641585368919307,1.0
0.5997786302879641,0.5924959494274271,0.8268806619167947,0.0
0.34794179536850517,0.3278340590394784,0.16667815501456595,0.0
0.1439169527476389,0.058369297224371786,0.13872922596615406,0.0
0.4343609805066345,0.4546306875054146,0.4814042310626096,1.0
0.6863469557941168,0.6935234027575192,0.6337845904189168,0.0
0.251855973307854,0.21824629749706376,0.9028641514855842,1.0
0.3563198065879992,0.3079645097378702,0.5810410309921062,1.0
0.22212156845134362,0.1253308497957341,0.2603331068758585,0.0
0.2576952845579985,0.2733918782301235,0.6199512147240371,0.0
0.6416948899005432,0.68972525434413,0.5163932813385853,0.0
0.6707677872466392,0.725332235406243,0.5866437507417652,1.0
0.7262289734816736,0.5536298528818107,0.4551174260136879,0.0
0.5962896107789862,0.7885375729635714,0.6222001718426448,1.0
0.36144378141171113,0.4330270661074903,0.6179756890722085,0.0
0.4343799724895383,0.45289354183892533,0.30221449682624,0.0
0.40843093851774104,0.5258436037943103,0.5990767222766444,0.0
0.5358896508944904,0.4608712634081441,0.28431413417228024,0.0
0.5425470689227003,0.5495677487548565,0.6907195043382536,1.0
0.3436522550950767,0.3624182473317114,0.4354986290844718,0.0
0.16069309060377782,0.10262612907927324,0.31815808535484125,0.0
0.6342947069084723,0.5750668706652128,0.7592568096091699,1.0
0.6022835136156395,0.6463922640301568,0.4439217360644459,1.0
0.5559607869495864,0.688332925687126,0.17269643432554938,0.0
0.337421129420919,0.27827682276394905,0.25191336308451195,0.0
0.5745355927748743,0.5144038795161299,0.8450732811071369,1.0
0.6805884344749815,0.7209283235592323,0.5325127381607814,1.0
0.8347572998214581,0.8758063380568701,0.50799690995162,1.0
0.5132504125949529,0.48179227566806765,0.4481527340051539,0.0
0.3045562383574866,0.31746548575094113,0.2597180360047059,0.0
0.4412810838191257,0.38182395767535265,0.5264836141160593,0.0
0.5886576011177682,0.508814564398913,0.27887227130816705,1.0
0.7039088594201751,0.7609205500834628,0.5996475187216974,1.0
0.21234993739086508,0.37359895486451966,0.361710365257386,0.0
0.2747226494719569,0.22733901999032322,0.30047394216270285,0.0
0.47357387975596393,0.4257753937968955,0.45056023414682395,0.0
0.49749147323497706,0.4935724515156463,0.5635182131470069,0.0
0.2745465410567648,0.4147634525312884,0.3778108159273255,0.0
0.6812661089381508,0.7302830228062538,0.6177887782698568,0.0
0.4663375103909516,0.4875219794064999,0.49927545571214194,0.0
0.30325316813307496,0.23448270936761353,0.2540589907900882,0.0
0.676066327416348,0.6790851988633,0.6186063591641757,1.0
0.7171173482072255,0.7697817047104214,0.4798406990200351,1.0
0.5951122128513938,0.6490956782626276,0.23716505827709888,0.0
0.24232508467990885,0.2742960418374153,0.3980227753967307,0.0
0.5414951834960178,0.5242500459886664,0.40104830337955666,0.0
0.6432194248768209,0.7860874036884855,0.6061051598908982,0.0
0.688813276454323,0.6482021042969854,0.22237312392148945,1.0
0.5872187890056855,0.48732136529819825,0.5445627544551093,0.0
0.038052958955160476,0.11897088492639186,0.3437023730517113,0.0
0.5444170327396609,0.6967475734141696,0.3787815065058057,1.0
0.6324667793463853,0.6120651228649808,0.6683619221800834,1.0
0.6106204124931377,0.5893032402398597,0.6796113599622604,1.0
0.38214283409930944,0.2515953262675452,0.3541992779948192,0.0
0.7216752564027631,0.8793094622887501,0.4812957266751343,1.0
0.4777452258021546,0.4609360199239275,0.48683720403167685,1.0
0.5403122052948675,0.6867927592437997,0.631839740936346,1.0
0.4141853090244747,0.47505881146335016,0.5316615355333417,1.0
0.38795172861539695,0.41575409022396936,0.5139492218094036,1.0
0.4700637002549678,0.5399369962567684,0.3998269062765079,0.0
0.9116508010658594,0.9505096856046952,0.7179694165093746,1.0
0.4848404638178886,0.5305695367247631,0.5145610528353922,0.0
0.9243384716237005,0.9323243015502345,0.867966413942188,1.0
0.5606817612484734,0.6652210206403546,0.4356038287649144,0.0
0.48571164748694273,0.5251125086439123,0.16181990991272105,0.0
0.7984568211258917,0.7593894814349782,0.7845103346077227,1.0
0.47571777987779235,0.4858389284214654,0.4799415657619974,0.0
0.4497043201635269,0.5087108536725143,0.22061052130817366,1.0
0.6410057336363537,0.6552511321324812,0.5594058005884651,1.0
0.9476241508495977,1.0,0.7733960126467239,1.0
0.503971643048165,0.5185872710025377,0.4407655309490849,1.0
0.4110561824797391,0.4026539806058825,0.7729164451462311,1.0
0.5070197846683006,0.4550280360350496,0.5309008927984074,0.0
0.4351345778777902,0.29956077489342814,0.37080087724379734,0.0
0.42073220043770676,0.4644897388908784,0.5358894768803936,1.0
0.5753368122863728,0.5225810429744581,0.6167386708736377,1.0
0.4748738225273712,0.6420487751583088,0.7528852676765658,1.0
0.34537233664649436,0.48009405854968046,0.3935823265244483,0.0
0.41770719743964796,0.5437026470538537,0.5478242016036785,0.0
0.3983900710460908,0.4067061990840486,0.5925978067426231,0.0
0.43302891378706443,0.6219763443061095,0.36620151440507653,0.0
0.5021617799862056,0.44541889946194757,0.1653965707125098,0.0
0.2527223720947022,0.27483193994715255,0.42363648857226655,0.0
0.6191656131653809,0.5906710245141238,0.48151572237838053,1.0
0.6192600251864998,0.5413413309836385,0.608620173422736,0.0
0.43842515055069164,0.4377481937592425,0.34697543190572877,0.0
0.6928543529009626,0.6397257774775944,0.6118805652511821,0.0
0.8908370029104984,0.9028568474005418,0.4472045616235568,1.0
0.5937599810962471,0.533909854440672,0.42831189638470035,0.0
0.39413088282308045,0.5470902362404313,0.42350836315747986,0.0
0.7772977951720281,0.7037840039641797,0.5502663920778789,1.0
0.06373568669289753,0.02614570658436105,0.4263178464554809,0.0
0.5520200153521818,0.721830729787067,0.7417549558329297,1.0
0.36958947814895543,0.4827621988807963,0.559601176434815,0.0
0.05184432511824233,0.0,0.49817580121209887,0.0
0.3794529287711074,0.3292914589197612,0.25193215833866883,0.0
0.20528663276127962,0.18833667122986078,0.25347907177695034,1.0
0.4041008678375043,0.24420891520764618,0.4674689704792759,1.0
0.37147709565743514,0.46743061561729904,0.665882483590067,0.0
0.7419388646231427,0.8561085067285655,0.36634588663982615,1.0
0.7126436859854985,0.7261392659142463,0.5674499401466034,0.0
0.4975335155023927,0.4575641157087554,0.5966100326979822,0.0
0.6461777016163969,0.5849118948394694,0.5446701147852862,1.0
0.25591921161120773,0.39538704119151535,0.3044808060852799,0.0
0.8090000925713476,0.9239744941978065,0.6823259356712971,1.0
0.6716770728554685,0.7122503211382526,0.630343539992288,1.0
0.23034910215379734,0.2769789274788621,0.29182321286984575,0.0
0.4613636613296115,0.39217430558366917,0.498940895356482,1.0
0.304953124060127,0.253327323150697,0.4231939072380706,0.0
0.6931864919394743,0.5850504774945788,0.5487237370733631,1.0
0.3859878810803219,0.3405422354809231,0.40551178610495214,0.0
0.6477127152026102,0.7051804826736723,0.5541339251737541,1.0
0.48059743144030165,0.4681615059005944,0.5967783220363052,0.0
0.664393412592422,0.6640996778961666,0.5051618693741106,1.0
0.7210128592809195,0.6450759087418574,0.4205644795594775,1.0
0.6299100584690387,0.8665851191247218,0.47571553446149223,1.0
0.4888578547735124,0.5188456924915008,0.622224815465491,0.0
0.3243428960202493,0.5186256796637709,0.3310403533622538,0.0
0.8050870953803648,0.9346002447441695,0.5926945897389847,1.0
0.5439542158764654,0.4409857578883141,0.3032324083252259,0.0
0.30455798741881906,0.39443427810438614,0.6600751520441446,1.0
0.578327966672323,0.7378516048456514,0.5519315251798482,1.0
0.4854414883679115,0.3673771827169185,0.6081009143958689,0.0
0.5114408421131378,0.4748231775465578,0.5286650682849178,1.0
0.7359790636073865,0.5522102641150858,0.7206395962473532,0.0
0.5090769391835388,0.5333059426799752,0.44293506281746564,1.0
0.6823738425337881,0.580582356040036,0.29299991180278895,1.0
0.675735003610131,0.7303119055873346,0.6054456193183789,1.0
0.426089644099375,0.5026330957324415,0.47311095649191165,0.0
0.6014081854794271,0.5395887183826524,0.4397342656860345,0.0
0.30234884526126704,0.4025313528034654,0.7448243659157376,0.0
0.21352665847619845,0.4051467380824738,0.3015405155943689,0.0
0.729153037550283,0.5941093684151721,0.6794634277896461,0.0
0.5415081483685918,0.42990421685552094,0.754435682744105,1.0
0.21104095581187038,0.2655485648356243,0.42049894045795594,0.0
0.5836394935671061,0.6299602676624431,0.36490835263213844,0.0
0.6609765598416255,0.5506196673158185,0.28576149399692685,0.0
0.4872643579040986,0.6031658238283482,0.22326362054316207,0.0
0.7864450879048419,0.8019664676249452,0.5563146505512463,1.0
0.5195299492799302,0.3524395566152637,0.4616398608204494,0.0
0.7789153132346682,0.7136997660625285,0.6073899126449309,1.0
0.3618821651565839,0.3812554870555737,0.4993159644326537,0.0
0.48853332977089803,0.4508095744580145,0.7654620522154971,1.0
0.3474780664378764,0.2928772739487874,0.5429955495247991,0.0
0.4394746861756134,0.27764642577674964,0.372843420063499,1.0
0.41608459752572374,0.38424471078813194,0.1326743537319104,0.0
0.5983399553731126,0.6162904689134107,0.6613281547757228,1.0
0.5148103190989859,0.5578552529953967,0.46849913599116244,1.0
0.6591248647146565,0.6081085696163055,0.7655826171212368,0.0
0.5262682165386126,0.43769895321325475,0.6649037880982531,0.0
0.7927264948515969,1.0,0.6382418072271905,1.0
0.45458205048310707,0.3740311460255747,0.4775812535926587,0.0
0.6807665154034124,0.8895327805830874,0.566485331498156,1.0
0.6265102545554312,0.5475809036591072,0.3587743950369304,1.0
0.351499569572702,0.3576589811734729,0.6066718145652559,0.0
0.5539048673783112,0.5456366655152757,0.5540848442267587,0.0
0.7379025592792785,0.7639575310396177,0.4535057401059209,1.0
0.6562625858433706,0.801429154502746,0.4524925247044155,1.0
0.588340698060861,0.24254003166907828,0.4376610712952421,0.0
0.6391040719221273,0.5935982171037606,0.5156934573762351,1.0
0.45637682111438227,0.48870523305241936,0.4500695782327231,0.0
0.21794211592146956,0.2317112589675424,0.2776742112658344,0.0
0.32392394717295936,0.5738224065041548,0.5035905910966713,0.0
0.633726652375825,0.7036094566702134,0.5291918730909952,1.0
0.7234867417368256,0.7781710020264836,0.5482224949271319,1.0
0.1669611213893467,0.22329127698595239,0.5240058731378561,0.0
0.5987258042172362,0.6535376651762956,0.7356802548716752,0.0
0.1045185191528914,0.061665191891414534,0.3716554967247948,1.0
0.7251841445658289,0.7075032877809084,0.42926936490624745,1.0
0.4282192603807591,0.5657860149969786,0.7261514471622699,1.0
0.6596534025393673,0.44893291010239866,0.2828522740310412,0.0
0.3946908996830265,0.420121195397608,0.1373872238315036,0.0
0.8210330304497461,0.7322766889175958,0.5165677131409757,1.0
0.5808307653965881,0.682650278338854,0.5523989307494005,0.0
0.1691479269100877,0.28888215160366787,0.3177592367831252,0.0
0.46168708987282425,0.7090050262543508,0.6443296132610642,0.0
0.5794267436898032,0.5198866892006085,0.7526329220405992,0.0
0.8267470799178958,0.7305876667920291,0.5849488610481801,1.0
0.4438935899359856,0.5054731328697951,0.4258823714434486,0.0
0.4778296411033998,0.414389383893345,0.46653634124224796,0.0
0.32112947934426783,0.2492415847366048,0.533266124799634,0.0
0.46206760811565145,0.5540154878321628,0.3256725889937248,0.0
0.3856866721792682,0.2695596685377639,0.3741295364191938,0.0
0.6482750966371431,0.6068862123533385,0.692684025846812,1.0
0.5635934207738096,0.6097495000757756,0.5505893478001084,1.0
0.21765700815257122,0.259820893860157,0.39895812074751646,0.0
0.2147729533984165,0.37647163211911905,0.17284063515337178,0.0
0.4842466294453938,0.5583244547643839,0.4986542319382037,0.0
0.59362226361476,0.5401414990938503,0.5063909827004527,0.0
0.7374462607838166,0.6455776376743569,0.6770662041332454,1.0
0.43283645375304336,0.45425807053299494,0.6184918162156527,0.0
0.3705300921146993,0.6768786673432539,0.8649031014913504,1.0
0.49540079048820784,0.7815659426089805,0.2782470861902233,1.0
0.6606336942609681,0.5712617070041549,0.5611909159107324,1.0
0.34528739250235363,0.4381325491760848,0.5906169690520556,0.0
0.6129310662450785,0.5466857188951404,0.6441627800646755,1.0
0.7760355738852907,0.7860665586548495,0.6163499338190261,1.0
0.8318695933880742,0.9523695004254764,0.7324299585605824,1.0
0.4035064841539282,0.3850755921383552,0.4701144729704814,0.0
0.20084423059029283,0.19661121850030602,0.2172191592590872,0.0
0.3141517885428683,0.26692136581044734,0.12691813468969237,0.0
0.33560904059437485,0.15661211397510116,0.16580901220693678,0.0
0.30039748393587906,0.39908380790885606,0.4590081700885769,0.0
0.4593250818306131,0.470477076644227,0.530930318366246,0.0
0.3332559039160461,0.40612683234256947,0.5513014578948073,1.0
0.23526814790423636,0.2766116760560187,0.26697142517598327,0.0
0.5022869085604869,0.4856997686172335,0.5341872227143905,0.0
0.4003079046693593,0.44103626252290395,0.4004660278908384,0.0
0.3086297277690403,0.20379060431454082,0.6063032762259464,1.0
0.4109987707264915,0.4652511499231157,0.49000804361755235,0.0
0.4239411101986267,0.42837071874210175,0.43945685544333535,1.0
0.20633071664634167,0.01944771572434431,0.42700760884458944,0.0
0.733193244534396,0.6857333903727162,0.6026224948736539,1.0
0.4845505362211857,0.5904980324684567,0.6541051124874304,1.0
0.5517073258336487,0.41050229989522696,0.3102060105530133,0.0
0.19815674653769214,0.2811323870905523,0.24706226125748854,0.0
0.42952115284846626,0.3021651275664496,0.40362482928593435,0.0
0.1873853691467297,0.3203242195662451,0.37664486305529576,0.0
0.7731807413843036,0.8492243400602566,0.6797771601434752,1.0
0.7371041745775965,0.7793167509854706,0.38460403307422475,1.0
0.6180843881170341,0.43665879255446977,0.341440818446463,0.0
0.4202222715199665,0.32787389352401336,0.3819968980196675,0.0
0.5441658473942922,0.6355558287760825,0.5782838042992224,1.0
0.33699099454153425,0.546322794071692,0.4920512653976502,0.0
0.33869752095564704,0.38057950040793387,0.31826873741226513,0.0
0.5332211520355681,0.5813537113248505,0.854881736097682,1.0
0.5042900394177159,0.6777504297317094,0.38068903124304854,1.0
0.5757381319119851,0.44117909125560395,0.5628600610823935,0.0
0.3988788779777733,0.32351117297806653,0.36177103668917865,0.0
0.3924641645986594,0.33045095553465414,0.38319658501748705,0.0
0.44632937337221396,0.4776212549935426,0.48715197208728345,0.0
0.6353636163394294,0.5901417061234804,0.4356980698725318,0.0
0.5562098248992595,0.6049842039721771,0.5771873602688735,0.0
0.5519549179276136,0.5673472940562263,0.646169298530965,1.0
0.5553688443709456,0.6556781031622189,0.585216302348316,1.0
0.6080398023537996,0.7129682321096901,0.3551520097716838,1.0
0.3945630230431441,0.39076514202944884,0.4413045696790641,0.0
0.49722935987749517,0.5120736993058715,0.6172624717304128,0.0
0.643728228524451,0.630509834651799,0.5860347326105736,1.0
0.49930947581684276,0.5950436546175043,0.32732383448946367,0.0
0.33858697100760227,0.4428761415414546,0.4983864531341331,1.0
0.6287259204522498,0.6404076147913771,0.5342149302259275,1.0
0.29661056333401764,0.26738855410947615,0.7694879934783055,1.0
0.3351015369927758,0.3795533961787768,0.5069173887524833,0.0
0.49179456321750104,0.38691439801795013,0.5637961829018209,0.0
0.5809319443980402,0.6443803934471882,0.6970595221189111,0.0
0.35317617064243695,0.22873790896643076,0.29739490378991407,0.0
0.34902077083715133,0.504972727404162,0.31449773191847197,0.0
0.8177452001396666,0.9636007885058653,0.43750547662753564,1.0
0.48832608207267203,0.4527621449836846,0.41692011904846227,1.0
0.7987646353892479,0.8459158879532287,0.5708701253524879,1.0
0.3813244522961492,0.4025852849275802,0.7284291217707783,1.0
0.39712177035288887,0.4203070000568332,0.35657516352601537,1.0
0.16447013855279932,0.37220754665930145,0.1652097871020377,0.0
0.1616786269359832,0.11447300098810106,0.09861444364958905,0.0
0.6252404721571907,0.5369776886079196,0.5942133770846121,0.0
0.7654893191875485,0.8549098923039418,0.6755043529902169,1.0
0.6029440276248463,0.5329009108404675,0.37225370834588584,0.0
0.623467729453649,0.535323092837287,0.38099079261055163,0.0
0.64015725869286,0.4974993719586914,0.35571607962372204,1.0
0.710024580725004,0.9150110551505803,0.46442015784835816,1.0
0.49627696155634765,0.5191662319744271,0.5654594478535215,0.0
0.5194455217399534,0.6306087445645845,0.23418762528906334,0.0
0.4253256123701942,0.45008810776906705,0.40968148476223964,0.0
0.6804245554525049,0.6505170447613056,0.480725478732513,1.0
0.23642032463442414,0.30430601413245384,0.49611140325721675,1.0
0.7586721774026125,0.8200238270731063,0.42338596556100205,1.0
0.3374557203186056,0.34551646022282995,0.4264926685721231,0.0
0.3979887320194285,0.17144516685040664,0.3836016119955493,1.0
0.33014728215514516,0.31179222923919664,0.5446767683163656,0.0
0.5544514270946603,0.46236515401191797,0.13170881322228234,0.0
0.34127557266686237,0.4443118564679942,0.43112414772065893,0.0
0.5693589886094115,0.5514763094951008,0.4983650286999411,0.0
0.8044061929537352,0.7228882426212732,0.6907158858449829,1.0
0.352227793810017,0.3582352417028141,0.35123422622886274,0.0
0.3877042113625751,0.2898978678302082,0.31242601694087574,0.0
0.5917163904779353,0.82269910308315,0.6810253183621566,1.0
0.6701372108252377,0.6458957673377841,0.44845559072186486,0.0
0.19961650133360126,0.11042597530899201,0.6501256530174668,0.0
0.545412683844902,0.20564505341926093,0.7405288492492164,0.0
0.5733326001208021,0.42442580660639495,0.4854730897384689,0.0
0.5305672133388629,0.39597742562699323,0.4426747107258266,0.0
0.37085845686138197,0.4968180468315479,0.4023101825145066,1.0
0.3602036994349603,0.34739254434105354,0.2797642447022819,0.0
0.3145115116959288,0.5207341830513235,0.4095370379879551,1.0
0.4409079180134761,0.4929792182546946,0.46325108692036293,0.0
0.5325209212626483,0.5605710729632548,0.5583951689732074,1.0
0.3504337487864264,0.3962695249552156,0.3186830472418968,1.0
0.5021405058229798,0.5091905088283666,0.6733392463252655,0.0
0.28957780622937757,0.29035461676725816,0.3452411976607999,1.0
0.21865698124364785,0.23786221975451724,0.4848825991433892,1.0
0.6501850563673088,0.7366422233711939,0.4710420643807813,1.0
0.7515410740727503,0.5056185562039924,0.5955494030712065,1.0
0.6002036860181705,0.7080996148224424,0.4447433668627472,1.0
0.47176134969168526,0.4583742203145737,0.5045324700215856,0.0
0.39925740364595685,0.5342438710270987,0.6391068880975586,1.0
0.3097458156334406,0.2344184607866555,0.24676645610465353,0.0
0.37874811639888906,0.1525707469741695,0.47730933023963196,0.0
0.7668020219280738,0.6644211158584107,0.6430597899336965,1.0
0.5384550422085203,0.40831326016044084,0.5524839894897603,1.0
0.5187525558642858,0.434708306133388,0.690433326633724,1.0
0.46010817135025733,0.4217921019427528,0.3456358872957872,0.0
0.2854684037211174,0.10417918982947746,0.0671735261374466,0.0
0.31584463968845977,0.21506378205949458,0.3265147846108132,0.0
0.5522796227106892,0.4777557061021725,0.32981264268110805,0.0
0.5023652035495039,0.5887024827597699,0.7256439808024859,1.0
0.7926679348557949,0.7218648643411185,0.7460660682155824,0.0
0.3796789281392203,0.29231895320471424,0.3608188982249426,0.0
0.6008239387580717,0.5583571798953073,0.6632196471873084,0.0
0.18114151550632554,0.35707628351897047,0.3092388823263207,1.0
0.4915223219858662,0.512883882406901,0.5000653218057758,0.0
0.2367090859005103,0.2417712826412223,0.3945882602809645,1.0
0.3366990333009082,0.47269497532792715,0.5203723855529683,1.0
0.4819620684332907,0.6603201774560908,0.30400569011441814,0.0
0.28499755983994285,0.21034355233394986,0.17559387213228217,0.0
0.4786121972722148,0.39628649856541576,0.5067462625034996,0.0
0.3073509753281464,0.3256678054256961,0.47657568099932296,1.0
0.6562645749417576,0.6914264725275577,0.7930434162843907,1.0
0.46971184862432847,0.6667465401138798,0.5807530748196637,1.0
0.41381771146760987,0.42037767309499474,0.408649496210874,0.0
0.5247127165820162,0.5827316075419379,0.6670861130185572,0.0
0.394142539857433,0.4326002462262762,0.46376910714068365,0.0
0.20784558525273625,0.27435020290231266,0.12741521107248083,0.0
0.6412991877467946,0.6371442932009719,0.4095144867621768,1.0
0.0577716527184538,0.18439491362888172,0.2111163730041813,1.0
0.2949403373828436,0.35952744296557226,0.2865036885499723,0.0
0.45550992493401754,0.5332334629053939,0.27896852862868327,0.0
0.1900243065536149,0.11671913574365235,0.24156308575637842,0.0
0.1443189027491641,0.2116051229438088,0.1738473699448555,0.0
0.3936546704701237,0.5486337331743039,0.4175633974193436,0.0
0.7861055857646507,0.6438149546802808,0.4151637455204449,1.0
0.5232652667501476,0.6705582733174453,0.354314257766094,1.0
0.9188535414510184,0.9450546212396213,0.7477820066927638,1.0
0.4592527230085104,0.5017047961002035,0.7028556485638833,1.0
0.3590902651515331,0.32031162785254585,0.6247001651876886,1.0
0.44670250955439583,0.5072392614992335,0.5217122979674513,1.0
0.3813614164023784,0.44383625970788176,0.5562004875945209,0.0
0.6748893668195085,0.6091548474664424,0.6006312917563319,1.0
0.9038463331898158,0.9309164323951545,0.8736708434845957,1.0
0.3123828284835344,0.26943920742658356,0.5533761790856224,0.0
0.5664632979093696,0.5808141422342615,0.5894603531342435,1.0
0.4720776294244044,0.23860367785713665,0.5558845924241539,0.0
0.5177429865015274,0.698136620621132,0.7178824847153128,0.0
0.2293191984463438,0.24349942294343807,0.41239339690113075,0.0
0.49711414772654083,0.475893254849694,0.6472087885812575,1.0
0.2516988983555665,0.1280822529245597,0.42086887882672486,1.0
0.45389587108637863,0.33351492834999275,0.2798797823822168,0.0
0.2447503216754635,0.3185329014397693,0.39721935082569076,0.0
0.5677406718260907,0.5257193484067377,0.42014549019532155,1.0
0.4361312483878072,0.39947646520102575,0.6048452795477623,0.0
0.4563053579086083,0.2963431757234848,0.5012114918090734,0.0
0.6674528069485903,0.6364135308990073,0.5829410957730496,1.0
0.47786841820260606,0.5690909109072814,0.4900477385063294,1.0
0.5255487593783172,0.45815230964959314,0.5458386974935643,0.0
0.9575710729904211,1.0,0.46265034023754725,1.0
0.6548921068985203,0.6279877975504107,0.47823861070424906,1.0
0.36576028614438,0.22884914550651478,0.2298073665639745,0.0
0.6567061482971244,0.7086986958042448,0.6759658336610738,1.0
0.6366529598267118,0.565688000507666,0.5110006235455595,0.0
0.49846715683447246,0.6391953296566864,0.18265902100647718,1.0
0.3092553273082528,0.38579486041392747,0.36581885280129756,0.0
0.6194904694861225,0.5981672603730595,0.4072666224412508,1.0
0.7556998440526872,0.7896639860945811,0.7243147556791365,1.0
0.4589771046751239,0.44893653305675124,0.44523832746047454,1.0
0.2077436883633973,0.26093773919418234,0.2807603321111036,0.0
0.8212534136510806,0.8533434964224291,0.5108424424908344,1.0
0.7802455488834503,0.6022533005741055,0.5658372065564142,1.0
0.3059114870850878,0.15872495463163394,0.26755590487120484,0.0
0.17616510137301522,0.2287513284372131,0.29190510488176424,1.0
0.5783241326260947,0.44245571744368056,0.702098945531119,0.0
0.5739604441191553,0.6957714748918341,0.5884364884935094,1.0
0.5700639212745524,0.4272686192196614,0.5369599522945163,0.0
0.5157504451376914,0.5949597278281287,0.3782716694912194,0.0
0.7066157091052664,0.4521645204704898,0.7392767878097212,0.0
0.18503046721864808,0.20413281897546698,0.18161039597594808,1.0
0.5866325162447864,0.40096704631918884,0.6817984976888103,1.0
0.2965938055078433,0.32393779624589375,0.5446579119003011,0.0
0.4703991334065977,0.3680858722950359,0.7108550325040837,1.0
0.5726568331459736,0.46186564733473423,0.6945755530191762,1.0
0.46781523896238497,0.5597347114951836,0.5629614442679309,0.0
0.43641771228181003,0.49173803025555857,0.49694747824046087,0.0
0.6689495935769554,0.7907762888731933,0.48135787515083955,1.0
0.7834528567184496,0.7667253232988366,0.4230077657910822,1.0
0.6055822819036428,0.8890363554369247,0.6860788785086955,1.0
0.36319106950383784,0.42097110201983073,0.4227127741982503,1.0
0.11500025011832188,0.3137137241393263,0.3765898325762572,0.0
0.5926368809699932,0.5343558916160669,0.3875025155755005,1.0
0.6559558803475402,0.682858352759635,0.5182232961248835,0.0
0.30190377871890267,0.3675837694882331,0.23378826945595665,0.0
0.39853443842562697,0.4992168396621,0.43237867739078495,0.0
0.3560113758811401,0.3690862049403878,0.5052571996614916,0.0
0.43265399060146004,0.5713250235514782,0.19691176928854537,0.0
0.7784687829147018,0.8447404420170574,0.43462176462371205,0.0
0.3984817549879038,0.42028413890616706,0.4528522261816158,0.0
0.48966959674732363,0.657642216843535,0.5425939374906825,1.0
0.6114446208761368,0.6029400863284415,0.5538326845392436,1.0
0.3947220473734952,0.2703694843452504,0.3824207040741408,1.0
0.6718849737711738,0.686939278694482,0.5485890970227776,1.0
0.4314195368043381,0.5704230958427743,0.307125852471635,0.0
0.49505512083290487,0.6076802289957774,0.9164708020050222,0.0
0.5559552560811709,0.5637449403587532,0.5129758911918252,0.0
0.47679077538111614,0.4673175726137558,0.5888992737689256,0.0
0.4978918427261343,0.5636744543555205,0.41350300351952274,0.0
0.5450547039411088,0.6433899795997486,0.7340212050192052,1.0
0.44188528284673323,0.50783669703852,0.40392169054182614,1.0
0.578867504208406,0.6409469995107557,0.7978544527459632,1.0
0.5011004470923849,0.6644447178916293,0.6569476140399244,0.0
0.274531231180206,0.4505848434606123,0.430368058999005,0.0
0.22739145948638453,0.22018341865988061,0.415265861913905,1.0
0.8158623350077282,0.7101124768278,0.5109873193254665,1.0
0.41959200331167246,0.2396174059960155,0.5281458453450651,1.0
0.32075823501319023,0.34252041955568135,0.23793201232588584,0.0
0.6190702711836978,0.6914459089774232,0.5118569450805028,0.0
0.4728132091632087,0.5442778192294616,0.10336105577119181,0.0
0.7891280318739039,0.8680846240375413,0.5728365779767972,1.0
0.39292807426196047,0.5007996860021044,0.19477568646966237,0.0
0.5901616127217357,0.6079117106129143,0.2764154480582925,1.0
0.4561421262859677,0.5249903535491155,0.5168011194230886,0.0
0.39486910957483334,0.3458950854782503,0.63037590305608,1.0
0.43154369364177825,0.4077897865959818,0.5273865291625636,1.0
0.5270992084056324,0.3042698902075067,0.29226905941482645,0.0
0.23803336259330904,0.31433229848727867,0.4464652909457547,0.0
0.50710624078313,0.3523960509899146,0.5852521508460958,0.0
0.5591667584143558,0.5212131899473995,0.7130615690100318,1.0
0.21058026864788282,0.10839981284684203,0.5137140319737048,1.0
0.5912368878959239,0.7162764931923709,0.5232002792470968,1.0
0.16244237765065866,0.2446177183440038,0.4977700950646141,0.0
0.7011690244641826,0.7298471144712708,0.5748475513202272,0.0
0.3883166240291524,0.5471049844215565,0.39413413837654165,0.0
0.660695151820272,0.6011211236971892,0.5673958348214114,1.0
0.6177577053104434,0.38035185927335063,0.5317698936491871,0.0
0.7553006793429504,0.749492770356974,0.7161669570839162,1.0
0.3991331803423557,0.29496132965569116,0.40107039276521766,1.0
0.684546801899123,0.8453444618736081,0.5217699569179561,1.0
0.701838969865269,0.6341616871119845,0.5408763574104594,1.0
0.5202698989105079,0.6841654890550031,0.5875914692726504,1.0
0.4155589739185671,0.5983042473186758,0.5874866433664778,1.0
0.6490001541166982,0.5976175920872069,0.5494808895921212,1.0
0.059075128415149336,0.0,0.4106518505485983,1.0
0.3185163553219491,0.2605792728070966,0.3152008400082959,1.0
0.6678054723914911,0.6655502365470938,0.7850334494243298,1.0
0.4209690241091546,0.289111755417859,0.48727805229486076,0.0
0.2826520261638006,0.24658101512047134,0.6597244762109817,1.0
0.49970593314493117,0.5007920378045526,0.4193063189097145,1.0
0.5989616228664509,0.5629344328082869,0.8190164675058842,1.0
0.8171118893534197,0.7463035755910182,0.9137785950220212,0.0
0.6265397933417487,0.6175891878060145,0.5445699422178127,0.0
0.6283574701976646,0.6786437668661565,0.6788788516824276,1.0
0.297437576737422,0.12548951144107623,0.36016826956576403,0.0
0.4963604343129985,0.5259136684787741,0.5071041716964316,0.0
0.7349674332449773,0.6618680865046794,0.4852225101897808,0.0
0.5164964386620543,0.5816839240613416,0.43562078620262557,0.0
0.612362285922631,0.42348626982980775,0.3807530689516062,1.0
0.5223644369373345,0.503249425495412,0.530061357745343,0.0
0.49815776803923517,0.6609537468032027,0.8637667415501471,1.0
0.5723012912442864,0.6271498891007105,0.46769326181645365,1.0
0.25411008864206935,0.1694656340975206,0.14983662022305472,0.0
0.8341730121735846,0.8211612659770778,0.6299604056487127,1.0
0.15723251098195845,0.04145051907624886,0.4448397232433665,0.0
0.08516019316535584,0.030162381428928325,0.1484792954745972,0.0
0.6926809689991761,0.6230147605489512,0.5983039183183004,1.0
0.6488797784421522,0.6999757139025727,0.38725795707630883,1.0
0.718504673322858,0.7120788398226909,0.5284272093641533,1.0
0.49169414462598626,0.3821437176352594,0.4792244784702553,0.0
0.5135634759636635,0.4962990711638258,0.3682153182696988,1.0
0.6707299991033668,0.8100111663108926,0.4374204484865862,1.0
0.7790958176576271,0.8089545420509564,0.5307342404313987,1.0
0.5447855422781848,0.5358465872303927,0.55259861313096,1.0
0.5695182469111737,0.7554207656145717,0.7342093962708384,1.0
0.6501345771352709,0.5623272203563088,0.47647717294005737,0.0
0.9334632868773668,0.9167693525413625,0.6732413802894854,1.0
0.5442785293316276,0.6502889246507234,0.6372277747546818,1.0
0.4588235840759127,0.6201703428966245,0.20475356082456753,0.0
0.6434626446088962,0.6465235833205877,0.6996021476969001,1.0
0.5057819891613388,0.575820856455925,0.42892694164968764,1.0
0.2631319045695941,0.25587604908587114,0.2465617866163441,0.0
0.5163150465723385,0.5813222376918025,0.5612083643368764,1.0
0.8260072628791694,0.8854616496221939,0.6350943420320228,1.0
0.22744522546286894,0.2684145836040612,0.47202518791422987,0.0
0.542918828670605,0.49990324195474845,0.26634032684462705,1.0
0.42789195691527665,0.3597060328093309,0.4139116347497628,0.0
0.5201496519266625,0.32551587003396476,0.3311250236711781,0.0
0.642396174575677,0.6929467941194432,0.5895722638946994,0.0
0.6832843632262076,0.6953071503045642,0.5917980396949127,1.0
0.39026865369810604,0.26925834949608546,0.4212258493774612,0.0
0.7502847633726041,0.7172025153290377,0.6314613923799584,1.0
0.6254532612048135,0.744991347710048,0.6712151757355417,0.0
0.6301653240922033,0.5866275413331552,0.5774995501799293,1.0
0.3640740034690463,0.4848084328001454,0.45803297321130415,1.0
0.5129111475540745,0.5418144970519928,0.38043875976797314,0.0
0.5985204730409248,0.5974452989335853,0.5545576885880751,0.0
0.35762509051321023,0.5804139456365527,0.5578215858775885,1.0
0.5613924240760833,0.5237495193956976,0.48987219342512195,1.0
0.33070945819682307,0.34743261105295464,0.5774537833970217,1.0
0.4120596530223955,0.44440333381169905,0.5738169876758975,1.0
0.2969847964859422,0.3011830761312357,0.46393939973846915,1.0
0.7136084494101239,0.5306950372645663,0.47447026442224843,0.0
0.4340740494448411,0.4643071675152066,0.3937597996046529,1.0
0.3757022321414545,0.39041628183176297,0.2775587905125769,0.0
0.5439206304180434,0.584873321095796,0.40756416961950426,1.0
0.44945144086927447,0.4567818121482719,0.3250825701090122,0.0
0.52974556643283,0.6196932089355082,0.6155883947614289,0.0
0.306985690770475,0.32433345717860323,0.6109478469293139,0.0
0.503886057126562,0.5088833490900251,0.5351278472019536,1.0
0.8103554245391819,0.727518313426923,0.5989632942877324,1.0
0.5686394525065703,0.6295776595648401,0.6632268185882787,1.0
0.3443402461998272,0.3366817747788753,0.526377992151656,1.0
0.45212445480854846,0.28706410352604383,0.5776134988238644,1.0
0.7044554753490226,0.6405518499909513,0.5242628943180303,0.0
0.5408683307537232,0.5863833682538346,0.4507020723621521,0.0
0.6290753633292192,0.6487838521606447,0.5566394377121338,1.0
0.31193024062872765,0.19101766621385116,0.3447278924970419,0.0
0.8398551982029818,0.9272470453651945,0.4568780135259882,1.0
0.6448028725882988,0.5412097570060326,0.4964781915057796,0.0
0.5072863796241033,0.544636728144735,0.30855693727030936,0.0
0.2569996780388161,0.13038487807580332,0.393649242559832,0.0
0.46962143329849354,0.5345035526671689,0.5373050391430589,0.0
0.6323168124894362,0.651152737172634,0.5923194494146913,1.0
0.6447861379709285,0.6871586032438528,0.6090092387973189,1.0
0.2520035843402425,0.35929092489927134,0.5929268454697013,0.0
0.43789973951332045,0.15197441982445986,0.4271851007792337,0.0
0.662742399486709,0.8323772334945544,0.49048933762666375,1.0
0.5460768698034836,0.6192207287046475,0.6195591796054672,0.0
0.3777850067655135,0.39551743129769035,0.48762756572668525,1.0
0.3512430901041932,0.24148550231313667,0.4447948776713185,0.0
0.43557347525968837,0.5033426881712212,0.4937060939442109,0.0
0.33250557639925327,0.31958528715573636,0.36513118984600734,0.0
0.41639306358793615,0.5322346131805875,0.4471526210149832,0.0
0.332051738553485,0.24654743131214957,0.29472963554878506,1.0
0.30121551668548086,0.32025215537378054,0.4067559706688927,0.0
0.6332080879654657,0.6843946567000245,0.5857480554842808,0.0
0.26088871996364155,0.19691837801710205,0.23881491073413796,0.0
0.3793735419890245,0.5316863523193691,0.39493420062649637,1.0
0.5364409461017534,0.6048659758430638,0.8951521330118128,0.0
0.298150820603053,0.26264578931016197,0.2964873471107866,0.0
0.6701296678626689,0.7903430418644447,0.5108654146791544,0.0
0.2083972409416016,0.3030460479214651,0.6185811883918586,1.0
0.5695574118697551,0.4212851364383111,0.5252508438093617,0.0
0.29588754092541947,0.06477571657286565,0.4121256051937306,1.0
0.522140570496323,0.5254015089635901,0.13384493597079128,1.0
0.33638382060538674,0.36147979409067815,0.32478869653623355,0.0
0.4633264733189191,0.37232985031218396,0.6388881018193402,1.0
0.5527049170798426,0.5165604408848865,0.10557606876751369,0.0
0.5871530751657387,0.6105760593423426,0.5830225366873234,1.0
0.5683013618869013,0.5790326568237937,0.46718087977382,1.0
0.9962061775966542,1.0,0.8055183380636226,1.0
0.6644440886499738,0.7421000788922477,0.8275976062298773,0.0
0.37021956085061714,0.16892704449812354,0.2943536343200115,0.0
0.46391568400492117,0.48156770685854977,0.3030816229239548,0.0
0.48991068033145635,0.38632783327676806,0.6405808062225627,1.0
0.6135913295081405,0.4445840598486921,0.634680281433867,0.0
0.36595968341036744,0.36613169240599436,0.5473821878565618,0.0
0.41621869389050375,0.4724282938815041,0.5873534041026792,1.0
0.607346482096639,0.5711401459433891,0.6509229682532024,0.0
0.40563440539279383,0.31740498226667246,0.5113743298583204,1.0
0.5543835364892871,0.49020458736228467,0.30418469018769223,0.0
0.6118496030293105,0.5270454854890755,0.6750953634721191,0.0
0.21180506449041175,0.30319953022870977,0.49735627379136366,1.0
0.6118862078051467,0.5800878817580127,0.3362227994642689,1.0
0.5186332659937415,0.5731387390016888,0.7107098118059461,1.0
0.3864728008641861,0.30998275906585177,0.13119467768282633,0.0
0.5282145343384557,0.4864838555334139,0.8311096613772859,1.0
0.6328923500062748,0.7198882103937406,0.6634179241061062,1.0
0.366587846490185,0.5670944989425623,0.30617562461425457,0.0
0.6988662255357772,0.657232759428692,0.47541022033196967,1.0
0.4672472758922939,0.49419760600166673,0.49847826293169256,0.0
0.6993193873298739,0.8220159881426334,0.6992050776899741,1.0
0.43699007982131627,0.3304257916380587,0.628261767213183,0.0
0.5348675823275917,0.2953431948031283,0.366736182972796,0.0
0.4530705942355269,0.5886988928454224,0.4707095319309416,0.0
0.6183598873241591,0.5427424929563508,0.5471978008864086,0.0
0.0983739247165345,0.1976989440802005,0.21284039318007064,0.0
0.43055197368792175,0.5633300274157229,0.5726073108450678,0.0
0.6600566517051154,0.6735945867162773,0.3378489008917049,0.0
0.5359742085138179,0.40581357469897755,0.3710545806766405,0.0
0.6695476075073041,0.6220300873051011,0.5799560647775255,0.0
0.7058650260727111,0.6703525210524293,0.8526667029203928,1.0
0.4748361473080173,0.36288099357002257,0.5262013686228824,0.0
0.2441075084609337,0.08250909294586595,0.3800749871183703,1.0
0.3928877012404266,0.29117765989358124,0.3696347730436738,0.0
0.3180463382898604,0.3328980160584275,0.35884039766918135,1.0
0.3613360091376923,0.398184787208775,0.4582455056575139,0.0
0.6668418458298129,0.5199706855960013,0.5767192144751305,1.0
0.3637220481295613,0.3161134537330431,0.2775590813449458,0.0
0.7541832670441455,0.658468789090614,0.6749721631912695,0.0
0.2956950343810554,0.23816986085268327,0.4974403240856907,1.0
0.8398132586275945,0.8258025878445262,0.2689704703771118,1.0
0.583102684465615,0.4205122706065712,0.4881634481634578,0.0
0.48284782757169464,0.4884638458634307,0.8156032504265646,1.0
0.47840484825612706,0.5406378520876428,0.4198172062265705,0.0
0.6732070093200653,0.6720888305995478,0.8062565556897552,0.0
0.3677109092617489,0.13201735004268184,0.5096747349174104,0.0
0.20654331262647957,0.17258732490388976,0.44210652527296906,0.0
0.6507022391332014,0.518173317325761,0.5481640808637382,0.0
0.9483189147843112,0.9501747632304639,0.5407545188057933,1.0
0.324844082043533,0.40669035454750274,0.4766990450066589,1.0
0.7421903643060119,0.682963256517173,0.5470911058439345,1.0
0.6364671436959871,0.7718374654321108,0.557614368811012,1.0
0.21800974205049817,0.2695833067210707,0.5188746074525452,0.0
0.252741900098718,0.1554681941762353,0.19396129967600467,0.0
0.31321758591695675,0.21205582509369414,0.3697115389735085,0.0
0.8171031008673838,0.9262354914405451,0.5670487987508874,1.0
0.6142519315747113,0.7838867301340952,0.5289408899650251,1.0
0.601026081095852,0.6184269015774713,0.6778024575227274,0.0
0.5734844969274113,0.49718677409302237,0.5850727474713314,1.0
0.6930301760343708,0.7983164439620274,0.42039155337157896,1.0
0.746204062534282,0.7328624748041485,0.6476642226855323,1.0
0.671531258711116,0.9538843993884634,0.48475944206939603,1.0
0.3887779376789309,0.44015711701644267,0.1513844795633157,0.0
0.7861520365756873,0.6953840425411962,0.600833430326055,0.0
0.5390301820636357,0.5168039964777815,0.5465047560204352,1.0
0.4337348572275701,0.3895168922447548,0.272558618031377,0.0
0.30340759406240136,0.3583600510484597,0.43713233564590614,0.0
0.6440488707994877,0.7886686650739982,0.7484691144119751,1.0
0.5980784071334005,0.6168243001724102,0.43492149911837774,0.0
0.638717277187306,0.7889520247936705,0.7203952067153743,1.0
0.2538842681004353,0.20093528447085485,0.33130828667017237,0.0
0.23029952018213196,0.19235148824915882,0.38581975818515957,0.0
0.7382940822582119,0.8951193649267729,0.5856405142264349,1.0
0.5509345599219445,0.5660664773540282,0.7324606120701516,1.0
0.3444689567767485,0.22934048349809294,0.26883127745686475,1.0
0.4159562819655669,0.4622273247125576,0.6020421131705481,0.0
0.3387387299226809,0.3150382779697276,0.4613693001371312,0.0
0.6618441058654186,0.700564803810608,0.22138881551865502,0.0
0.04036667343453221,0.1518893724657193,0.2626887167255157,0.0
0.6673150985626626,0.7777138618183311,0.7047106066280904,1.0
0.437446858700785,0.32023984637351,0.4955603810282673,1.0
0.4526728784677537,0.4539114318738019,0.4886527133346656,0.0
0.5838399405525857,0.6063506796169046,0.5979967813189343,0.0
0.8109809276652826,0.851078903249224,0.5045150365974481,1.0
0.5322096254245311,0.4886732427484032,0.5646957984703854,1.0
0.26896130179222477,0.2924193939446572,0.23790538060719735,0.0
0.06308563504076092,0.16420859476956928,0.298029589400897,0.0
0.1002908075993133,0.14074709739254457,0.31169489063896494,0.0
0.7221341019360973,0.7449987846093856,0.8560254495921971,1.0
0.4117960922079017,0.33465423802969424,0.40927298026498915,1.0
0.3781326287620639,0.44796203717281674,0.35778496296734097,1.0
0.44942572594076724,0.5740138725450138,0.5287114502784965,0.0
0.36887392806350533,0.33258136288258894,0.6406090094571326,1.0
0.1630972885394451,0.14326580423458762,0.1475107324957387,0.0
0.8142168398282119,0.7932035838438117,0.4465395687644498,1.0
0.3172976175824069,0.26832284740404966,0.5501454293907035,0.0
0.8372049344825712,0.8938167160018142,0.5506028193711231,1.0
0.15143907712066915,0.14800449966324833,0.27390583838637034,0.0
0.7817928937629528,0.607492471283017,0.6964195754886606,0.0
0.6571003407769154,0.7010959048210377,0.5313480178675712,1.0
0.41342915956098536,0.5037665141212421,0.5629610167433015,0.0
0.25803000666125725,0.11803131953723031,0.6378798216706218,0.0
0.6284222264369338,0.6008376752028656,0.7947754275964755,1.0
0.2826841394187083,0.21266078747012868,0.27124921300379756,0.0
0.20755165450497343,0.12107946794734956,0.3958287828959889,0.0
0.525092902555463,0.3061532146020173,0.39825874403359474,0.0
0.4015378134850998,0.30114939787211437,0.49150888271227533,0.0
0.4169768184033849,0.44038996364774974,0.6884415428659503,0.0
0.21881872211739894,0.0,0.27176082641216026,1.0
0.5672581078544048,0.6652553441292751,0.3695151318528927,1.0
0.2844042254279453,0.2576804798239481,0.6640596032587567,0.0
0.5423096587510143,0.7587787600494639,0.4203125729411081,1.0
0.7458222909563881,0.8557506713279509,0.4792969840661434,1.0
0.5003946465954034,0.4720496526824549,0.5285767797080979,0.0
0.44220164434122766,0.21910709969855577,0.511215285844056,1.0
0.14192546942743212,0.0,0.16375093825407955,0.0
0.5003074916414377,0.40471895546368425,0.5014300798535567,1.0
0.57571412775923,0.5424672254394877,0.5068055935876045,0.0
0.5504049759591021,0.6702631291453645,0.3915539484282819,0.0
0.54813535870533,0.6698656237081319,0.5672892164804124,1.0
0.822607161091207,0.7973977035311497,0.6494509735851928,1.0
0.6615830413388641,0.5623828241229819,0.6366137740368323,1.0
0.44469514500619267,0.5264925070098665,0.6394190088421647,1.0
0.6002279778751517,0.5076819660078045,0.7037275528569014,0.0
0.3060314084695607,0.1649077620457515,0.5393607694157547,0.0
0.9446297686650309,0.9085007382508236,0.5600492568621975,1.0
0.3854268618941966,0.3590517784229452,0.3859925474933284,0.0
0.3594073843070171,0.36859285386963586,0.3023762678522521,1.0
0.40527742101063424,0.3266441990031576,0.3458377411099366,1.0
0.7945536194652344,0.7532847245814969,0.3279899999252579,0.0
0.5487475744245272,0.5996941261384997,0.3014947389442299,0.0
0.7071640140822002,0.6333523741108007,0.5686888308788041,0.0
0.41305443771514877,0.365235671502205,0.3671363514166284,1.0
0.49072023234849005,0.42463638617354316,0.47557809423826863,1.0
0.6327549789402267,0.6402942894389662,0.5162401680802351,0.0
0.33523869364363984,0.35789020355764845,0.564207678430473,1.0
0.5601375406262243,0.6323750980909403,0.4118947508276672,0.0
0.35969707717014027,0.2804463443908696,0.36599155050700166,1.0
0.4203334624042363,0.4142119642170989,0.6283910489792124,1.0
0.4364630277179099,0.5797050278645268,0.5569097543536736,0.0
0.7101342425626038,0.816520944171585,0.5308061861624019,1.0
0.9590651001742464,0.8662353213998482,0.3525185928399397,1.0
0.5509111386347701,0.47316729838745386,0.49613048925405084,0.0
0.5796893032838958,0.47144585008672213,0.482303592570994,0.0
0.4497769759328379,0.39769073102632985,0.45307241133680154,0.0
0.6519327772230695,0.8730097133168541,0.770962008749895,1.0
0.5524454203559283,0.5644443978737159,0.6454194346640751,0.0
0.5167254515010498,0.5407990309344565,0.3743318653282475,1.0
0.5643701877080909,0.6641186679359709,0.4662966371137611,1.0
0.2879913213945393,0.35847910174417724,0.3506160242347587,0.0
0.22964961391827238,0.29588309006701424,0.2744893547614924,1.0
0.6344383020774256,0.5106613637299892,0.6445418142578134,0.0
0.43237368307390306,0.59309255578937,0.48295480225557175,1.0
0.5600668805987236,0.3635092148906353,0.2146083470765831,0.0
0.6521060629816067,0.6229554993391531,0.4635033683559593,1.0
0.6239394024779235,0.5231856650134751,0.7458094341671975,1.0
0.4242860847235701,0.4397709673251305,0.34691352142644805,0.0
0.5542347696555903,0.6082847229935217,0.555929442108244,0.0
0.14653458686332085,0.2099463682192848,0.18157009948979153,0.0
0.30509810803842596,0.23068746538908952,0.5719298158984177,0.0
0.5814841982059965,0.5143597983525664,0.3663414068374333,0.0
0.6094789113994645,0.6441322279052486,0.27383238684736483,1.0
0.6105190318895239,0.631675021500728,0.46196577046409104,0.0
0.3791738102103253,0.38826718083248807,0.11874855420428176,0.0
0.6799954046157305,0.6941036621579716,0.4474472231561492,1.0
0.4703785576140355,0.4043046485571523,0.4051638200690314,0.0
0.7042501935942347,0.561630156393413,0.49505767483627133,1.0
0.6997101253032743,0.7222008115505557,0.6325698065871744,1.0
0.8123826373535517,0.8381021679138825,0.47691438426428956,1.0
0.3791096131669097,0.3289244393312531,0.37049958903579583,1.0
0.5287948586559892,0.6232136157146752,0.47751959907291763,0.0
0.7878177108476511,0.804035972068416,0.8384084083441736,1.0
0.07472520469298827,0.0964313193152039,0.13323547402616204,0.0
0.4032346284176028,0.23637151440529167,0.6015371771162611,0.0
0.4819916927962361,0.40329915199608407,0.580027879927673,1.0
0.44658198760830553,0.572983606126207,0.38233752886385186,0.0
0.4571070560365908,0.46489963150551583,0.3637697837953523,1.0
0.5578811923914639,0.8505541486829107,0.2164765781156882,1.0
0.15944636559601272,0.08609584900947037,0.2948818120675543,0.0
0.5806792735224934,0.6167817738106005,0.4411866710848882,0.0
0.48243065231599624,0.5598662712641915,0.3581070242050649,0.0
0.6154917555350493,0.6788320487285036,0.40283114857592883,1.0
